{"nodes":{"node:1":{"location":{"x":54,"y":111}}},"selection":null,"view":{"scroll":{"x":-179.810394287109375,"y":-75.185272216796875},"zoom":1}}