{"nodes":{"node:1":{"location":{"x":-64,"y":-48}}},"selection":null,"view":{"scroll":{"x":-275.83563232421875,"y":-325.41229248046875},"zoom":1}}