{"nodes":{"node:1":{"location":{"x":-25,"y":79}}},"selection":["node:1"],"view":{"scroll":{"x":-179.810394287109375,"y":-69.185272216796875},"zoom":1}}