{"nodes":null,"selection":null,"view":{"scroll":{"x":-543.3922119140625,"y":-308.608856201171875},"zoom":0.100000001490116119}}