{"nodes":{"node:1":{"location":{"x":0,"y":0}}},"selection":["node:1"],"view":{"scroll":{"x":-289.217620849609375,"y":-281.436431884765625},"zoom":1}}